센터,유형,도착시간_분
장량,구조,7.8
기계,구급,4.2
흥해,구급,7.7
두호,구급,8.3
두호,구급,8.1
두호,화재,6.4
청하,화재,7.1
두호,구급,6.4
기계,구급,7.3
덕산,구급,
장량,구급,8.5
흥해,구급,6.4
흥해,구급,11.8
장량,구급,12.6
덕산,구급,8.2
청하,구급,2.3
흥해,구급,9.2
청하,구급,9.8
기계,구급,3.6
청하,구급,7.7
기계,구급,4.2
흥해,화재,8.9
청하,구조,6.1
장량,구급,6.9
두호,구급,3.0
흥해,구급,8.7
두호,구조,4.6
기계,구급,7.0
흥해,화재,8.7
덕산,구조,6.7
두호,구급,5.8
흥해,구급,7.6
청하,구급,7.7
두호,구급,3.4
기계,구급,5.5
두호,구급,10.0
두호,구조,6.5
흥해,구급,4.0
청하,구조,7.5
청하,구급,8.2
청하,구급,10.7
흥해,구급,5.8
덕산,화재,6.6
장량,구급,7.1
두호,구급,
두호,구조,8.6
덕산,화재,6.7
장량,구급,9.8
덕산,구급,7.3
흥해,구급,9.6
흥해,구조,5.1
장량,화재,3.6
기계,구급,11.4
기계,구급,8.6
흥해,구급,8.5
장량,구조,2.6
청하,화재,7.7
장량,화재,5.5
청하,구급,4.8
덕산,화재,5.4
덕산,구급,8.7
흥해,화재,7.3
청하,구조,10.6
청하,구급,10.0
청하,구급,7.9
청하,화재,4.0
두호,구조,6.2
두호,구조,5.2
덕산,구급,4.1
두호,화재,9.7
흥해,구급,8.5
두호,화재,1.5
기계,구급,4.3
장량,구급,6.8
청하,구급,4.4
덕산,화재,6.5
장량,구급,7.4
두호,구급,10.6
장량,구급,10.4
장량,구급,9.2
장량,구조,4.5
두호,구급,9.0
장량,구급,5.3
장량,구급,3.7
장량,구급,8.7
흥해,구급,7.6
장량,구급,8.5
두호,구급,6.8
덕산,구급,4.1
기계,화재,10.9
기계,구급,3.5
기계,구급,
흥해,구급,9.5
청하,구급,9.6
기계,구급,6.3
청하,구급,9.4
두호,화재,8.4
흥해,구조,6.8
기계,구급,4.6
흥해,구급,8.8
청하,구조,8.1
덕산,구급,7.2
장량,화재,6.3
덕산,구급,5.9
흥해,구급,7.2
기계,구급,6.7
두호,구조,8.2
덕산,구급,6.2
덕산,구급,6.5
기계,구조,4.5
흥해,구조,8.7
기계,구조,3.5
청하,구급,7.2
흥해,구급,5.8
덕산,구조,7.4
덕산,구급,7.6
두호,화재,8.3
덕산,구급,5.5
두호,구조,4.1
덕산,구급,10.0
청하,구조,6.4
덕산,구급,8.0
두호,구급,3.0
두호,구급,1.8
두호,구급,8.0
덕산,구급,7.0
두호,구조,1.2
장량,화재,4.7
청하,구조,3.7
덕산,구급,4.2
두호,구급,6.9
청하,구급,6.6
덕산,구급,9.3
청하,구급,10.0
장량,구급,7.5
덕산,구급,8.2
두호,구급,4.6
흥해,구급,4.7
두호,구급,8.0
덕산,화재,8.2
두호,구급,9.0
흥해,구조,5.0
흥해,구급,2.9
흥해,구급,9.5
두호,화재,5.3
덕산,화재,7.1
두호,화재,6.8
흥해,구급,7.1
장량,화재,7.7
흥해,구급,8.4
기계,구급,9.0
흥해,구급,6.2
기계,구급,8.5
덕산,구급,8.9
두호,구급,4.1
덕산,구급,9.0
두호,구급,3.5
기계,화재,7.6
흥해,구급,7.1
흥해,구급,4.7
흥해,구급,5.8
두호,화재,4.5
흥해,화재,
덕산,구급,5.1
덕산,구급,3.5
흥해,구조,5.7
장량,화재,6.7
두호,화재,5.6
장량,화재,4.8
기계,구급,6.3
흥해,화재,
장량,구급,6.5
두호,화재,7.7
기계,구급,8.7
두호,구급,4.5
장량,화재,11.6
기계,구급,4.4
청하,구급,8.5
기계,구급,4.8
두호,구급,7.3
흥해,화재,7.1
흥해,구급,4.1
흥해,구급,
기계,화재,5.9
기계,구조,10.0
청하,구조,
흥해,구급,9.7
장량,구급,10.7
청하,구급,8.0
기계,화재,5.2
기계,구급,7.1
두호,구급,7.6
청하,화재,9.1
흥해,구급,5.8
흥해,화재,6.4
장량,화재,9.3
두호,구급,8.3
두호,구급,6.7
청하,구급,5.3
기계,구급,6.7
기계,구급,7.1
흥해,구급,7.7
흥해,구조,4.4
청하,화재,9.8
덕산,구급,8.6
흥해,구조,10.7
두호,구급,7.6
기계,구급,7.4
청하,구급,8.8
청하,구급,6.6
장량,구급,7.4
흥해,화재,6.1
기계,화재,7.4
흥해,화재,3.9
두호,화재,8.5
덕산,구조,8.6
두호,구급,6.7
덕산,구급,10.6
장량,구급,5.9
두호,구급,5.8
기계,구급,2.2
기계,화재,9.8
두호,구급,7.4
흥해,구급,6.3
두호,구조,8.9
흥해,구급,6.5
장량,구급,3.6
덕산,구조,5.9
두호,구조,7.4
기계,화재,8.0
기계,구조,9.2
장량,구급,9.1
흥해,구급,8.8
덕산,구급,11.7
두호,구조,11.5
두호,구조,5.0
청하,구급,4.6
기계,화재,10.0
두호,구급,6.0
장량,구조,11.0
기계,구급,6.7
기계,구급,6.6
두호,구급,
두호,구급,5.9
청하,구급,3.8
청하,구급,9.7
청하,구급,8.8
두호,구급,9.3
덕산,구급,6.5
덕산,구조,6.5
장량,구조,6.8
두호,구급,6.7
청하,구급,5.6
덕산,구급,6.5
두호,구조,10.1
기계,구조,8.5
기계,구급,6.1
기계,구급,5.1
청하,화재,8.8
장량,구조,9.5
덕산,구조,7.4
덕산,구급,9.3
흥해,구급,7.1
청하,구조,5.3
기계,구조,9.6
흥해,구급,6.7
장량,화재,8.1
흥해,구급,11.0
두호,화재,8.8
덕산,구조,7.4
기계,구조,3.4
기계,구급,10.4
흥해,구급,5.1
흥해,구급,9.7
기계,구조,7.9
청하,구급,5.2
청하,구조,7.1
흥해,구급,9.4
두호,구급,7.6
흥해,구조,
두호,구급,8.3
흥해,구급,4.4
장량,구조,5.7
장량,화재,7.6
흥해,화재,12.1
청하,화재,5.6
두호,구급,5.4
장량,구급,
두호,구급,9.6
덕산,구급,8.4
기계,구급,9.7
청하,구급,5.1
청하,구조,9.6
덕산,화재,7.7
청하,구급,8.2
기계,화재,5.8
장량,화재,5.2
기계,구급,4.9
덕산,화재,7.2
기계,구조,4.2
